,A,R,N,D,C,Q,E,G,H,I,L,K,M,F,P,S,T,W,Y,V,B,Z,X
A,7,-5,-1,-5,4,-7,-9,0,-3,3,1,-10,3,3,-3,-1,-1,5,7,-3,-2,-8,-5
R,-5,8,5,4,-5,2,0,-3,0,-9,-8,3,-6,-7,1,0,-2,-7,-3,-13,5,1,-5
N,-1,5,9,5,-2,3,1,1,1,-6,-5,0,-3,-3,4,4,2,-3,1,-9,8,2,-6
D,-5,4,5,8,-5,2,4,-3,-3,-10,-9,0,-6,-7,1,0,-2,-7,-3,-13,7,4,-5
C,4,-5,-2,-5,12,-4,-7,2,0,5,7,-7,9,7,0,2,1,7,7,4,-3,-5,-7
Q,-7,2,3,2,-4,9,3,1,3,-11,-9,0,-3,-8,5,1,3,-8,-5,-6,3,7,-5
E,-9,0,1,4,-7,3,7,-3,-3,-14,-11,2,-6,-11,1,-1,-2,-11,-7,-12,3,7,-5
G,0,-3,1,-3,2,1,-3,7,5,-5,-2,-5,3,-2,4,4,6,-2,2,-3,0,0,-5
H,-3,0,1,-3,0,3,-3,5,10,-7,-5,-2,1,-5,5,4,6,-5,-1,-2,0,2,-6
I,3,-9,-6,-10,5,-11,-14,-5,-7,8,4,-14,2,6,-7,-5,-6,6,3,0,-7,-12,-5
L,1,-8,-5,-9,7,-9,-11,-2,-5,4,6,-12,5,7,-5,-3,-3,4,3,2,-6,-10,-5
K,-10,3,0,0,-7,0,2,-5,-2,-14,-12,8,-9,-11,-2,-2,-4,-11,-8,-15,0,1,-5
M,3,-6,-3,-6,9,-3,-6,3,1,2,5,-9,10,5,1,1,2,5,5,4,-4,-4,-7
F,3,-7,-3,-7,7,-8,-11,-2,-5,6,7,-11,5,9,-5,-2,-3,6,6,2,-4,-9,-6
P,-3,1,4,1,0,5,1,4,5,-7,-5,-2,1,-5,8,5,6,-5,-1,-5,3,3,-6
S,-1,0,4,0,2,1,-1,4,4,-5,-3,-2,1,-2,5,7,5,-2,1,-5,3,0,-5
T,-1,-2,2,-2,1,3,-2,6,6,-6,-3,-4,2,-3,6,5,8,-3,1,-3,1,1,-6
W,5,-7,-3,-7,7,-8,-11,-2,-5,6,4,-11,5,6,-5,-2,-3,12,6,0,-4,-9,-7
Y,7,-3,1,-3,7,-5,-7,2,-1,3,3,-8,5,6,-1,1,1,6,10,-1,-1,-6,-6
V,-3,-13,-9,-13,4,-6,-12,-3,-2,0,2,-15,4,2,-5,-5,-3,0,-1,7,-10,-8,-5
B,-2,5,8,7,-3,3,3,0,0,-7,-6,0,-4,-4,3,3,1,-4,-1,-10,7,3,5
Z,-8,1,2,4,-5,7,7,0,2,-12,-10,1,-4,-9,3,0,1,-9,-6,-8,3,7,-5
X,-5,-5,-6,-5,-7,-5,-5,-5,-6,-5,-5,-5,-7,-6,-6,-5,-6,-7,-6,-5,5,-5,-6
